edad,sexo,total_gastado,total_compras,frecuencia_compras,promedio_gasto_por_compra,resenas,sentimiento_resena,tipo_cliente
47,0,7329.42,49,10,149.58,"Me encanta el programa, es muy útil.",1,2
44,0,4048.88,43,10,94.16,"El programa es adecuado, pero podría mejorar.",0,2
23,0,5991.2,40,10,149.78,"Me encanta el programa, es muy útil.",1,2
57,0,3947.1,30,6,131.57,"Me encanta el programa, es muy útil.",1,2
61,0,45.42,2,3,22.71,"El programa es adecuado, pero podría mejorar.",0,0
27,0,1281.74,19,4,67.46,"El programa es adecuado, pero podría mejorar.",0,1
33,1,1324.49,33,5,54.16,"El programa es adecuado, pero podría mejorar.",0,1
33,0,7252.52,53,10,136.84,"El programa es adecuado, pero podría mejorar.",0,2
25,1,83.74,14,1,6.54,"Me encanta el programa, es muy útil.",1,0
66,1,885.32,25,3,53.95,"El programa es adecuado, pero podría mejorar.",0,1
53,1,4237.83,53,8,97.59,"Me encanta el programa, es muy útil.",1,2
21,1,5219.34,49,9,117.92,"Me encanta el programa, es muy útil.",1,2
65,1,1310.16,28,5,56.05,"Me encanta el programa, es muy útil.",1,1
34,0,248.08,14,1,17.72,"El programa es adecuado, pero podría mejorar.",0,0
56,1,311.27,16,2,28.33,"Me encanta el programa, es muy útil.",1,0
60,0,60.84,3,3,20.28,"Me encanta el programa, es muy útil.",1,0
19,0,3802.88,32,12,118.84,"Me encanta el programa, es muy útil.",1,2
31,1,808.41,22,3,46.19,"Me encanta el programa, es muy útil.",1,1
54,0,540,16,5,33.75,"El programa es adecuado, pero podría mejorar.",0,1
30,1,4174.25,45,6,108.7,"El programa es adecuado, pero podría mejorar.",0,2
25,0,8278.68,57,12,145.24,"El programa es adecuado, pero podría mejorar.",0,2
32,1,6146.36,52,6,135.97,"Me encanta el programa, es muy útil.",1,2
54,0,2636.64,36,6,73.24,"Me encanta el programa, es muy útil.",1,2
29,1,74.57,12,2,9.79,"Me encanta el programa, es muy útil.",1,0
37,0,337.65,15,3,22.51,"El programa es adecuado, pero podría mejorar.",0,0
60,1,1701.71,34,3,57.83,"El programa es adecuado, pero podría mejorar.",0,1
48,0,1183.37,17,6,69.61,"Me encanta el programa, es muy útil.",1,1
51,1,742.12,22,3,44.5,"El programa es adecuado, pero podría mejorar.",0,1
34,1,1578.14,34,3,59.51,"Me encanta el programa, es muy útil.",1,1
31,1,5146.73,60,11,93.19,"Me encanta el programa, es muy útil.",1,2
23,1,5592,54,12,113.11,"Me encanta el programa, es muy útil.",1,2
68,1,1337.89,37,6,48.66,"El programa es adecuado, pero podría mejorar.",0,1
33,1,4657.32,49,8,110.07,"El programa es adecuado, pero podría mejorar.",0,2
45,1,1001.14,26,5,57.35,"El programa es adecuado, pero podría mejorar.",0,1
70,0,3963.36,46,11,86.16,"El programa es adecuado, pero podría mejorar.",0,2
65,0,153.48,12,3,12.79,"Me encanta el programa, es muy útil.",1,0
38,1,175.64,18,2,17.48,"El programa es adecuado, pero podría mejorar.",0,0
31,1,131.38,17,2,10.16,"El programa es adecuado, pero podría mejorar.",0,0
19,1,4437.71,59,7,81.71,"El programa es adecuado, pero podría mejorar.",0,2
34,1,916.07,33,5,35.18,"El programa es adecuado, pero podría mejorar.",0,1
20,1,179.47,15,2,19.36,"Me encanta el programa, es muy útil.",1,0
63,0,1007.44,28,6,35.98,"El programa es adecuado, pero podría mejorar.",0,1
51,0,726.24,24,4,30.26,"Me encanta el programa, es muy útil.",1,1
28,0,658.8,20,6,32.94,"Me encanta el programa, es muy útil.",1,1
30,1,2098.2,36,4,68.55,"Me encanta el programa, es muy útil.",1,1
38,1,1935.5,33,5,67.63,"El programa es adecuado, pero podría mejorar.",0,1
26,0,1827.87,29,5,63.03,"Me encanta el programa, es muy útil.",1,1
49,1,654.65,22,6,38.68,"El programa es adecuado, pero podría mejorar.",0,1
57,1,4927.25,63,7,85.6,"El programa es adecuado, pero podría mejorar.",0,2
28,0,115.78,14,3,8.27,"El programa es adecuado, pero podría mejorar.",0,0
45,1,3764.81,54,8,84.45,"El programa es adecuado, pero podría mejorar.",0,2
51,0,560,16,3,35,"Me encanta el programa, es muy útil.",1,1
61,0,3548.3,35,7,101.38,"Me encanta el programa, es muy útil.",1,2
24,1,1090.99,33,5,45.31,"Me encanta el programa, es muy útil.",1,1
65,1,1312.94,28,3,68.03,"El programa es adecuado, pero podría mejorar.",0,1
68,1,4188.9,62,7,79.9,"El programa es adecuado, pero podría mejorar.",0,2
31,1,1336.67,34,5,48.57,"El programa es adecuado, pero podría mejorar.",0,1
39,1,1485.08,29,4,59.92,"Me encanta el programa, es muy útil.",1,1
45,0,5961.6,54,9,110.4,"Me encanta el programa, es muy útil.",1,2
25,0,979.04,16,6,61.19,"El programa es adecuado, pero podría mejorar.",0,1
30,1,1700.62,32,3,63.58,"Me encanta el programa, es muy útil.",1,1
61,1,162.94,13,1,22.54,No estoy satisfecho con el programa.,2,0
46,0,127.98,9,1,14.22,"El programa es adecuado, pero podría mejorar.",0,0
69,0,4455.69,57,11,78.17,"El programa es adecuado, pero podría mejorar.",0,2
45,1,128.12,23,2,6.79,"El programa es adecuado, pero podría mejorar.",0,0
67,0,104.58,14,1,7.47,"Me encanta el programa, es muy útil.",1,0
29,1,296.4,21,3,17.09,"Me encanta el programa, es muy útil.",1,0
41,1,1365.14,38,5,47.11,"Me encanta el programa, es muy útil.",1,1
29,0,5780,50,7,115.6,"El programa es adecuado, pero podría mejorar.",0,2
40,1,94.86,8,1,24.16,No estoy satisfecho con el programa.,2,0
53,0,34.14,2,3,17.07,"El programa es adecuado, pero podría mejorar.",0,0
64,1,4723.79,50,9,114.54,"Me encanta el programa, es muy útil.",1,2
59,1,49.34,9,2,9.83,"Me encanta el programa, es muy útil.",1,0
35,0,1184,25,3,47.36,"Me encanta el programa, es muy útil.",1,1
37,1,1019.83,31,6,40.57,"El programa es adecuado, pero podría mejorar.",0,1
32,1,4064.42,40,11,129.54,"Me encanta el programa, es muy útil.",1,2
30,1,162.21,14,2,23.26,No estoy satisfecho con el programa.,2,0
21,1,3011.13,42,8,90.3,"El programa es adecuado, pero podría mejorar.",0,2
41,1,227.1,12,1,29.65,No estoy satisfecho con el programa.,2,0
21,1,4879.04,61,8,86.42,"El programa es adecuado, pero podría mejorar.",0,2
52,1,7095.91,60,10,135.88,"Me encanta el programa, es muy útil.",1,2
65,1,969.33,30,4,44.72,"El programa es adecuado, pero podría mejorar.",0,1
35,0,1166.4,18,5,64.8,"Me encanta el programa, es muy útil.",1,1
31,0,700.58,23,3,30.46,"Me encanta el programa, es muy útil.",1,1
69,1,287.45,19,2,21.22,No estoy satisfecho con el programa.,2,0
48,1,47.26,11,1,12.55,"El programa es adecuado, pero podría mejorar.",0,0
64,1,79.27,11,1,24.43,"Me encanta el programa, es muy útil.",1,0
43,0,8846.4,60,12,147.44,"El programa es adecuado, pero podría mejorar.",0,2
62,1,4539.13,39,10,140.86,"Me encanta el programa, es muy útil.",1,2
44,0,285.1,10,2,28.51,"El programa es adecuado, pero podría mejorar.",0,0
65,0,124.16,8,2,15.52,"Me encanta el programa, es muy útil.",1,0
45,0,4029.9,30,8,134.33,"Me encanta el programa, es muy útil.",1,2
33,0,1372.8,26,5,52.8,"El programa es adecuado, pero podría mejorar.",0,1
64,0,4767.44,46,12,103.64,"Me encanta el programa, es muy útil.",1,2
63,1,300.47,18,1,25.87,No estoy satisfecho con el programa.,2,0
67,0,997.36,26,5,38.36,"El programa es adecuado, pero podría mejorar.",0,1
36,1,61.76,11,1,14.37,"El programa es adecuado, pero podría mejorar.",0,0
56,0,5902.2,45,12,131.16,"El programa es adecuado, pero podría mejorar.",0,2
32,1,125.87,16,2,11.49,No estoy satisfecho con el programa.,2,0
58,0,7385.04,52,11,142.02,"Me encanta el programa, es muy útil.",1,2
28,1,624.49,23,5,36.55,"Me encanta el programa, es muy útil.",1,1
28,1,148.99,11,1,18.92,"Me encanta el programa, es muy útil.",1,0
45,0,287,14,2,20.5,"Me encanta el programa, es muy útil.",1,0
34,0,553.52,17,3,32.56,"Me encanta el programa, es muy útil.",1,1
21,1,205.71,15,3,22.4,"Me encanta el programa, es muy útil.",1,0
48,0,21.45,1,3,21.45,"Me encanta el programa, es muy útil.",1,0
34,0,3446.88,48,9,71.81,"El programa es adecuado, pero podría mejorar.",0,2
28,1,158.92,10,3,22.57,"El programa es adecuado, pero podría mejorar.",0,0
33,1,1708.62,36,3,55.96,"El programa es adecuado, pero podría mejorar.",0,1
43,0,57.36,2,2,28.68,No estoy satisfecho con el programa.,2,0
67,0,1239.92,22,4,56.36,"Me encanta el programa, es muy útil.",1,1
39,1,177.52,20,3,9.56,"Me encanta el programa, es muy útil.",1,0
59,1,1095.46,22,4,62.71,"El programa es adecuado, pero podría mejorar.",0,1
61,0,5255.4,38,12,138.3,"Me encanta el programa, es muy útil.",1,2
52,0,34.38,3,1,11.46,No estoy satisfecho con el programa.,2,0
26,0,1434.68,26,4,55.18,"El programa es adecuado, pero podría mejorar.",0,1
66,1,254.19,19,1,18.82,"Me encanta el programa, es muy útil.",1,0
70,1,8175.59,65,8,142.74,"Me encanta el programa, es muy útil.",1,2
55,0,6574.92,51,10,128.92,"Me encanta el programa, es muy útil.",1,2
25,1,1489.51,36,4,48.34,"El programa es adecuado, pero podría mejorar.",0,1
54,0,217.91,11,2,19.81,"Me encanta el programa, es muy útil.",1,0
18,0,799.5,25,4,31.98,"El programa es adecuado, pero podría mejorar.",0,1
53,1,4016.65,44,12,110.85,"El programa es adecuado, pero podría mejorar.",0,2
66,0,6545.8,46,8,142.3,"El programa es adecuado, pero podría mejorar.",0,2
45,0,6214,50,11,124.28,"El programa es adecuado, pero podría mejorar.",0,2
39,1,92.71,17,3,6.28,"Me encanta el programa, es muy útil.",1,0
65,1,1065.58,28,6,47.28,"El programa es adecuado, pero podría mejorar.",0,1
70,0,77.44,8,1,9.68,"El programa es adecuado, pero podría mejorar.",0,0
46,1,307.74,18,2,29.56,"El programa es adecuado, pero podría mejorar.",0,0
23,1,51.5,8,3,5.44,"Me encanta el programa, es muy útil.",1,0
31,1,4405.06,67,12,72.7,"Me encanta el programa, es muy útil.",1,2
60,0,5568,40,7,139.2,"El programa es adecuado, pero podría mejorar.",0,2
30,1,2631.11,40,9,76.46,"Me encanta el programa, es muy útil.",1,2
30,1,846.76,32,3,32.62,"Me encanta el programa, es muy útil.",1,1
39,0,21.44,1,3,21.44,"Me encanta el programa, es muy útil.",1,0
37,0,986.25,25,6,39.45,"El programa es adecuado, pero podría mejorar.",0,1
18,0,4474.41,37,10,120.93,"El programa es adecuado, pero podría mejorar.",0,2
68,1,128.89,13,1,13.7,"El programa es adecuado, pero podría mejorar.",0,0
29,1,3728.8,46,6,92.47,"Me encanta el programa, es muy útil.",1,2
20,0,224.5,10,1,22.45,"Me encanta el programa, es muy útil.",1,0
33,0,609.33,19,4,32.07,"El programa es adecuado, pero podría mejorar.",0,1
39,1,78.24,11,2,5.11,"El programa es adecuado, pero podría mejorar.",0,0
45,0,827.31,23,5,35.97,"El programa es adecuado, pero podría mejorar.",0,1
32,0,60.45,5,2,12.09,"El programa es adecuado, pero podría mejorar.",0,0
54,1,5251.8,52,6,115.84,"Me encanta el programa, es muy útil.",1,2
70,1,1188.97,29,4,54.9,"El programa es adecuado, pero podría mejorar.",0,1
54,1,50.2,11,2,22.19,"El programa es adecuado, pero podría mejorar.",0,0
24,0,1077.68,19,4,56.72,"Me encanta el programa, es muy útil.",1,1
42,1,8303.36,69,8,138.05,"Me encanta el programa, es muy útil.",1,2
70,1,910.88,20,3,59.13,"Me encanta el programa, es muy útil.",1,1
51,1,4132.77,38,11,124.62,"El programa es adecuado, pero podría mejorar.",0,2
61,1,1944.32,36,6,68.22,"Me encanta el programa, es muy útil.",1,1
49,1,1835.66,36,3,66.39,"El programa es adecuado, pero podría mejorar.",0,1
53,1,3320.07,55,6,71.44,"El programa es adecuado, pero podría mejorar.",0,2
32,1,2965.46,37,11,97.52,"Me encanta el programa, es muy útil.",1,2
65,1,323,21,2,26.92,"El programa es adecuado, pero podría mejorar.",0,0
52,0,85.98,6,2,14.33,"Me encanta el programa, es muy útil.",1,0
18,1,4882.5,54,7,109.83,"Me encanta el programa, es muy útil.",1,2
20,1,5058.39,45,11,143.43,"Me encanta el programa, es muy útil.",1,2
53,1,915.37,29,5,43.5,"El programa es adecuado, pero podría mejorar.",0,1
59,1,116.58,14,3,11.14,"El programa es adecuado, pero podría mejorar.",0,0
18,0,3012.84,36,6,83.69,"Me encanta el programa, es muy útil.",1,2
35,0,5076.24,39,9,130.16,"El programa es adecuado, pero podría mejorar.",0,2
21,0,92.07,11,1,8.37,"Me encanta el programa, es muy útil.",1,0
64,1,5790.56,49,9,143.63,"El programa es adecuado, pero podría mejorar.",0,2
66,1,3011.59,50,9,72.62,"El programa es adecuado, pero podría mejorar.",0,2
34,0,136.6,5,3,27.32,"El programa es adecuado, pero podría mejorar.",0,0
45,0,4308.08,56,7,76.93,"El programa es adecuado, pero podría mejorar.",0,2
25,1,190.79,12,3,27.18,No estoy satisfecho con el programa.,2,0
62,1,4201.95,43,11,119.46,"El programa es adecuado, pero podría mejorar.",0,2
43,1,4301.34,42,7,125.92,"Me encanta el programa, es muy útil.",1,2
60,1,196.42,12,1,27.51,No estoy satisfecho con el programa.,2,0
50,1,76.89,11,1,27.15,No estoy satisfecho con el programa.,2,0
55,0,631.62,18,3,35.09,"El programa es adecuado, pero podría mejorar.",0,1
57,0,339.9,15,3,22.66,"El programa es adecuado, pero podría mejorar.",0,0
22,1,63.11,12,3,21.46,"El programa es adecuado, pero podría mejorar.",0,0
34,1,6405.96,53,9,148.2,"El programa es adecuado, pero podría mejorar.",0,2
48,1,804.18,24,5,51.58,"El programa es adecuado, pero podría mejorar.",0,1
38,1,4791.78,46,7,128.89,"Me encanta el programa, es muy útil.",1,2
22,1,5062.99,48,12,119.55,"El programa es adecuado, pero podría mejorar.",0,2
56,0,6482.61,51,9,127.11,"El programa es adecuado, pero podría mejorar.",0,2
29,1,1124.62,31,6,42.31,"Me encanta el programa, es muy útil.",1,1
42,1,3707.96,40,8,118.91,"Me encanta el programa, es muy útil.",1,2
23,0,7337.68,56,10,131.03,"El programa es adecuado, pero podría mejorar.",0,2
36,0,210.96,9,2,23.44,"Me encanta el programa, es muy útil.",1,0
24,0,8450.6,58,10,145.7,"Me encanta el programa, es muy útil.",1,2
54,1,1212.26,30,4,59.57,"Me encanta el programa, es muy útil.",1,1
28,0,699.72,17,4,41.16,"El programa es adecuado, pero podría mejorar.",0,1
42,0,695.52,16,3,43.47,"Me encanta el programa, es muy útil.",1,1
23,0,417.34,14,1,29.81,No estoy satisfecho con el programa.,2,0
45,0,242.22,11,2,22.02,"El programa es adecuado, pero podría mejorar.",0,0
50,0,1134.12,26,4,43.62,"El programa es adecuado, pero podría mejorar.",0,1
56,1,5429.07,58,8,110.06,"Me encanta el programa, es muy útil.",1,2
27,1,4156.05,42,9,114.86,"El programa es adecuado, pero podría mejorar.",0,2
43,1,1009.04,32,5,37.32,"Me encanta el programa, es muy útil.",1,1
63,0,258.61,11,2,23.51,"Me encanta el programa, es muy útil.",1,0
21,0,1554.12,27,5,57.56,"El programa es adecuado, pero podría mejorar.",0,1
24,0,6418.32,47,8,136.56,"El programa es adecuado, pero podría mejorar.",0,2
35,0,1628.64,24,4,67.86,"El programa es adecuado, pero podría mejorar.",0,1
22,1,1241.77,32,4,50.09,"Me encanta el programa, es muy útil.",1,1
47,0,936.25,25,6,37.45,"Me encanta el programa, es muy útil.",1,1
20,1,1035.33,30,6,41.06,"El programa es adecuado, pero podría mejorar.",0,1
63,0,1173.06,18,5,65.17,"Me encanta el programa, es muy útil.",1,1
64,0,690.72,16,6,43.17,"El programa es adecuado, pero podría mejorar.",0,1
67,0,51.08,2,1,25.54,No estoy satisfecho con el programa.,2,0
43,1,5662.09,55,11,122.54,"El programa es adecuado, pero podría mejorar.",0,2
26,1,3536.01,39,10,109.4,"El programa es adecuado, pero podría mejorar.",0,2
61,0,1203.2,20,6,60.16,"Me encanta el programa, es muy útil.",1,1
47,0,237.4,10,3,23.74,"El programa es adecuado, pero podría mejorar.",0,0
67,1,4242.62,41,9,131.95,"El programa es adecuado, pero podría mejorar.",0,2
30,0,1763.49,29,5,60.81,"El programa es adecuado, pero podría mejorar.",0,1
55,1,125.25,20,2,8.59,"El programa es adecuado, pero podría mejorar.",0,0
24,0,6032.64,48,12,125.68,"El programa es adecuado, pero podría mejorar.",0,2
53,1,1151.52,30,4,55.34,"El programa es adecuado, pero podría mejorar.",0,1
40,1,1365.45,26,4,62.7,"Me encanta el programa, es muy útil.",1,1
23,0,6451.04,46,10,140.24,"El programa es adecuado, pero podría mejorar.",0,2
25,0,1353.09,23,4,58.83,"Me encanta el programa, es muy útil.",1,1
49,0,950.04,29,4,32.76,"El programa es adecuado, pero podría mejorar.",0,1
35,0,6464.41,53,12,121.97,"Me encanta el programa, es muy útil.",1,2
57,0,3678.92,49,10,75.08,"El programa es adecuado, pero podría mejorar.",0,2
24,0,3707.44,44,6,84.26,"Me encanta el programa, es muy útil.",1,2
56,0,153.27,9,1,17.03,No estoy satisfecho con el programa.,2,0
65,0,918.6,20,6,45.93,"El programa es adecuado, pero podría mejorar.",0,1
63,1,100.82,11,3,18.26,"Me encanta el programa, es muy útil.",1,0
53,1,5529.02,61,7,101.76,"El programa es adecuado, pero podría mejorar.",0,2
20,1,4718.55,54,10,103.98,"El programa es adecuado, pero podría mejorar.",0,2
54,1,1166.73,38,3,38.14,"Me encanta el programa, es muy útil.",1,1
55,1,4804.84,61,11,90.15,"Me encanta el programa, es muy útil.",1,2
23,1,844.85,31,4,34,"El programa es adecuado, pero podría mejorar.",0,1
68,0,110.25,7,3,15.75,"Me encanta el programa, es muy útil.",1,0
40,1,210.33,16,1,23.77,"El programa es adecuado, pero podría mejorar.",0,0
64,1,56.02,12,3,17.9,"El programa es adecuado, pero podría mejorar.",0,0
54,1,3645.3,41,8,116.24,"El programa es adecuado, pero podría mejorar.",0,2
21,0,1092.96,22,6,49.68,"El programa es adecuado, pero podría mejorar.",0,1
43,0,5974.4,40,6,149.36,"Me encanta el programa, es muy útil.",1,2
33,1,1079.46,35,5,39.62,"Me encanta el programa, es muy útil.",1,1
60,0,3890.64,43,12,90.48,"El programa es adecuado, pero podría mejorar.",0,2
70,0,93,5,1,18.6,"Me encanta el programa, es muy útil.",1,0
28,0,3616.8,48,8,75.35,"Me encanta el programa, es muy útil.",1,2
46,0,5040.9,45,7,112.02,"El programa es adecuado, pero podría mejorar.",0,2
37,0,3509.68,38,11,92.36,"Me encanta el programa, es muy útil.",1,2
68,0,579.53,17,5,34.09,"El programa es adecuado, pero podría mejorar.",0,1
20,0,904.4,19,3,47.6,"Me encanta el programa, es muy útil.",1,1
18,0,3608.09,31,7,116.39,"El programa es adecuado, pero podría mejorar.",0,2
29,1,1140.31,30,5,52.99,"El programa es adecuado, pero podría mejorar.",0,1
63,1,311.16,19,1,29.04,"El programa es adecuado, pero podría mejorar.",0,0
55,1,103.54,9,3,13.55,No estoy satisfecho con el programa.,2,0
58,0,37.92,6,2,6.32,"El programa es adecuado, pero podría mejorar.",0,0
62,0,139.2,12,2,11.6,"Me encanta el programa, es muy útil.",1,0
37,1,85.91,13,3,10.79,"Me encanta el programa, es muy útil.",1,0
49,0,4673.13,51,6,91.63,"El programa es adecuado, pero podría mejorar.",0,2
46,0,64.8,8,2,8.1,"El programa es adecuado, pero podría mejorar.",0,0
37,1,4664.03,69,11,77.15,"El programa es adecuado, pero podría mejorar.",0,2
21,1,5667.42,55,6,120.06,"Me encanta el programa, es muy útil.",1,2
45,1,52.68,9,2,5.09,"El programa es adecuado, pero podría mejorar.",0,0
35,0,850.2,15,4,56.68,"El programa es adecuado, pero podría mejorar.",0,1
27,0,4423.36,32,11,138.23,"El programa es adecuado, pero podría mejorar.",0,2
42,1,5023.67,51,8,108.19,"Me encanta el programa, es muy útil.",1,2
31,1,220.68,18,2,23.74,No estoy satisfecho con el programa.,2,0
21,0,1107.55,17,5,65.15,"El programa es adecuado, pero podría mejorar.",0,1
21,1,4924.05,64,10,87.4,"El programa es adecuado, pero podría mejorar.",0,2
21,0,49.6,4,3,12.4,No estoy satisfecho con el programa.,2,0
23,0,1366.47,21,4,65.07,"Me encanta el programa, es muy útil.",1,1
50,0,844.92,18,5,46.94,"Me encanta el programa, es muy útil.",1,1
42,0,219.52,8,1,27.44,"Me encanta el programa, es muy útil.",1,0
30,1,4773.55,60,12,89.47,"Me encanta el programa, es muy útil.",1,2
64,0,397.35,15,1,26.49,No estoy satisfecho con el programa.,2,0
40,0,3186.3,30,8,106.21,"Me encanta el programa, es muy útil.",1,2
63,1,4897.76,42,10,131.06,"El programa es adecuado, pero podría mejorar.",0,2
22,0,97.3,7,3,13.9,"El programa es adecuado, pero podría mejorar.",0,0
55,1,1910.37,37,5,69.91,"El programa es adecuado, pero podría mejorar.",0,1
50,0,3460.47,39,11,88.73,"Me encanta el programa, es muy útil.",1,2
35,0,6774.9,55,8,123.18,"El programa es adecuado, pero podría mejorar.",0,2
24,0,889.68,24,3,37.07,"Me encanta el programa, es muy útil.",1,1
38,1,271.08,14,3,28.83,"El programa es adecuado, pero podría mejorar.",0,0
23,0,3922.92,34,8,115.38,"El programa es adecuado, pero podría mejorar.",0,2
51,0,4293,50,10,85.86,"Me encanta el programa, es muy útil.",1,2
48,1,3730.84,46,9,94.76,"Me encanta el programa, es muy útil.",1,2
60,1,987.77,31,5,38.69,"El programa es adecuado, pero podría mejorar.",0,1
47,0,93.24,7,1,13.32,No estoy satisfecho con el programa.,2,0
34,1,3347.89,54,11,72.3,"El programa es adecuado, pero podría mejorar.",0,2
33,0,99.19,13,3,7.63,"Me encanta el programa, es muy útil.",1,0
69,0,236.5,10,3,23.65,"El programa es adecuado, pero podría mejorar.",0,0
22,1,5638.97,67,10,93.42,"Me encanta el programa, es muy útil.",1,2
19,1,1249.55,29,4,55.84,"El programa es adecuado, pero podría mejorar.",0,1
48,0,74.61,9,3,8.29,"El programa es adecuado, pero podría mejorar.",0,0
42,0,3408.24,44,11,77.46,"Me encanta el programa, es muy útil.",1,2
36,0,872.28,18,6,48.46,"Me encanta el programa, es muy útil.",1,1
70,0,1316.32,19,6,69.28,"Me encanta el programa, es muy útil.",1,1
28,0,1190.35,19,6,62.65,"Me encanta el programa, es muy útil.",1,1
47,0,54.24,6,1,9.04,"Me encanta el programa, es muy útil.",1,0
66,0,132.5,10,2,13.25,"Me encanta el programa, es muy útil.",1,0
31,0,5597.33,53,9,105.61,"Me encanta el programa, es muy útil.",1,2
65,0,203.64,12,2,16.97,"El programa es adecuado, pero podría mejorar.",0,0
54,0,200,8,3,25,"Me encanta el programa, es muy útil.",1,0
19,1,875.73,21,6,55.81,"Me encanta el programa, es muy útil.",1,1
55,0,15.35,1,1,15.35,"Me encanta el programa, es muy útil.",1,0
28,0,4120.12,34,9,121.18,"El programa es adecuado, pero podría mejorar.",0,2
18,1,43.54,11,1,7.38,"El programa es adecuado, pero podría mejorar.",0,0
55,0,197.04,12,1,16.42,No estoy satisfecho con el programa.,2,0
49,0,3855.36,48,6,80.32,"El programa es adecuado, pero podría mejorar.",0,2
44,0,87.57,9,3,9.73,"El programa es adecuado, pero podría mejorar.",0,0
33,1,4209.78,61,12,78.55,"Me encanta el programa, es muy útil.",1,2
54,1,980.53,27,4,52.72,"El programa es adecuado, pero podría mejorar.",0,1
26,0,8382.6,60,12,139.71,"El programa es adecuado, pero podría mejorar.",0,2
35,0,3532.95,45,11,78.51,"El programa es adecuado, pero podría mejorar.",0,2
46,0,1132.78,22,3,51.49,"Me encanta el programa, es muy útil.",1,1
40,1,1376.94,36,3,51.75,"Me encanta el programa, es muy útil.",1,1
48,0,1025.24,19,5,53.96,"El programa es adecuado, pero podría mejorar.",0,1
61,1,3057.68,51,12,70.04,"El programa es adecuado, pero podría mejorar.",0,2
65,0,1600.5,25,5,64.02,"El programa es adecuado, pero podría mejorar.",0,1
56,1,101.54,16,2,9.89,No estoy satisfecho con el programa.,2,0
51,0,1277.22,21,5,60.82,"El programa es adecuado, pero podría mejorar.",0,1
19,0,749.87,17,5,44.11,"El programa es adecuado, pero podría mejorar.",0,1
64,0,1003.05,27,3,37.15,"El programa es adecuado, pero podría mejorar.",0,1
20,0,104.88,8,3,13.11,No estoy satisfecho con el programa.,2,0
22,0,8087.72,59,11,137.08,"Me encanta el programa, es muy útil.",1,2
38,0,872.74,22,5,39.67,"El programa es adecuado, pero podría mejorar.",0,1
22,1,5990.22,62,11,112.48,"El programa es adecuado, pero podría mejorar.",0,2
25,0,709.8,20,3,35.49,"El programa es adecuado, pero podría mejorar.",0,1
31,0,5265.63,41,8,128.43,"Me encanta el programa, es muy útil.",1,2
35,1,2632.7,40,6,79.17,"El programa es adecuado, pero podría mejorar.",0,2
45,0,3946.28,52,12,75.89,"El programa es adecuado, pero podría mejorar.",0,2
46,0,1453.6,23,5,63.2,"El programa es adecuado, pero podría mejorar.",0,1
60,1,6571.71,58,9,136.46,"Me encanta el programa, es muy útil.",1,2
38,0,5045,50,9,100.9,"El programa es adecuado, pero podría mejorar.",0,2
66,1,6207.73,66,12,106.54,"Me encanta el programa, es muy útil.",1,2
19,0,4010.64,51,7,78.64,"El programa es adecuado, pero podría mejorar.",0,2
43,0,5759.68,41,11,140.48,"El programa es adecuado, pero podría mejorar.",0,2
48,0,4971.93,59,6,84.27,"Me encanta el programa, es muy útil.",1,2
70,1,5662.15,48,12,134.23,"El programa es adecuado, pero podría mejorar.",0,2
19,1,79.38,9,1,10.57,No estoy satisfecho con el programa.,2,0
33,1,5010.53,60,10,99.39,"El programa es adecuado, pero podría mejorar.",0,2
68,1,867.45,28,6,46.08,"El programa es adecuado, pero podría mejorar.",0,1
44,0,140.49,7,1,20.07,No estoy satisfecho con el programa.,2,0
68,0,6315.6,60,10,105.26,"El programa es adecuado, pero podría mejorar.",0,2
68,1,74.7,16,2,8.01,No estoy satisfecho con el programa.,2,0
28,0,349.95,15,3,23.33,"Me encanta el programa, es muy útil.",1,0
38,1,1163.6,34,4,40.44,"El programa es adecuado, pero podría mejorar.",0,1
52,1,4108.6,45,7,107.14,"El programa es adecuado, pero podría mejorar.",0,2
59,0,2447.68,32,11,76.49,"Me encanta el programa, es muy útil.",1,2
43,1,546.1,26,3,30.14,"El programa es adecuado, pero podría mejorar.",0,1
33,1,965.98,29,6,40.18,"El programa es adecuado, pero podría mejorar.",0,1
52,1,1174.91,25,6,56.39,"El programa es adecuado, pero podría mejorar.",0,1
70,1,260.17,17,1,30,"El programa es adecuado, pero podría mejorar.",0,0
68,0,5100.55,59,11,86.45,"Me encanta el programa, es muy útil.",1,2
47,0,162.84,12,2,13.57,"El programa es adecuado, pero podría mejorar.",0,0
31,1,624.02,21,4,39.53,"Me encanta el programa, es muy útil.",1,1
68,0,1289.08,26,3,49.58,"El programa es adecuado, pero podría mejorar.",0,1
53,0,996.48,16,4,62.28,"Me encanta el programa, es muy útil.",1,1
57,1,3309.86,47,10,84.29,"Me encanta el programa, es muy útil.",1,2
26,0,6313.26,43,11,146.82,"Me encanta el programa, es muy útil.",1,2
34,0,1401.85,23,3,60.95,"El programa es adecuado, pero podría mejorar.",0,1
45,0,5978,40,11,149.45,"Me encanta el programa, es muy útil.",1,2
57,1,191.29,15,3,17.02,"Me encanta el programa, es muy útil.",1,0
51,0,11,1,3,11,"El programa es adecuado, pero podría mejorar.",0,0
39,1,149.76,19,2,11.15,"El programa es adecuado, pero podría mejorar.",0,0
31,0,787.92,21,5,37.52,"El programa es adecuado, pero podría mejorar.",0,1
45,0,4869.48,33,6,147.56,"Me encanta el programa, es muy útil.",1,2
32,1,6460.32,52,10,139.37,"El programa es adecuado, pero podría mejorar.",0,2
49,0,1523.04,24,6,63.46,"El programa es adecuado, pero podría mejorar.",0,1
42,1,991.87,28,4,50.32,"El programa es adecuado, pero podría mejorar.",0,1
30,0,7957.02,58,10,137.19,"El programa es adecuado, pero podría mejorar.",0,2
36,1,6806.08,65,10,114.97,"El programa es adecuado, pero podría mejorar.",0,2
33,0,186.75,15,2,12.45,"El programa es adecuado, pero podría mejorar.",0,0
66,0,1278,30,6,42.6,"El programa es adecuado, pero podría mejorar.",0,1
65,0,755.58,21,6,35.98,"Me encanta el programa, es muy útil.",1,1
60,1,853.61,34,3,33.21,"Me encanta el programa, es muy útil.",1,1
18,1,4157.65,45,7,103.3,"Me encanta el programa, es muy útil.",1,2
60,1,6042.47,48,12,142.8,"Me encanta el programa, es muy útil.",1,2
40,0,4399.6,40,6,109.99,"Me encanta el programa, es muy útil.",1,2
69,1,89.63,10,1,19.83,"Me encanta el programa, es muy útil.",1,0
52,1,1154.74,28,5,59.71,"Me encanta el programa, es muy útil.",1,1
50,0,4303.42,31,10,138.82,"Me encanta el programa, es muy útil.",1,2
41,0,6054.4,55,6,110.08,"Me encanta el programa, es muy útil.",1,2
68,0,1015.74,27,4,37.62,"El programa es adecuado, pero podría mejorar.",0,1
39,0,109.4,4,3,27.35,"Me encanta el programa, es muy útil.",1,0
54,1,2628.37,41,8,74.09,"El programa es adecuado, pero podría mejorar.",0,2
62,0,109.56,6,2,18.26,"Me encanta el programa, es muy útil.",1,0
39,1,291.44,23,2,17.54,"El programa es adecuado, pero podría mejorar.",0,0
35,1,1162.85,25,3,59.84,"El programa es adecuado, pero podría mejorar.",0,1
57,1,260.35,16,3,26.06,No estoy satisfecho con el programa.,2,0
25,0,969.92,16,6,60.62,"El programa es adecuado, pero podría mejorar.",0,1
39,0,200.64,12,3,16.72,"Me encanta el programa, es muy útil.",1,0
65,0,3358.96,44,6,76.34,"El programa es adecuado, pero podría mejorar.",0,2
66,1,5718.83,43,11,149.88,"Me encanta el programa, es muy útil.",1,2
69,1,2787.16,38,9,88.87,"El programa es adecuado, pero podría mejorar.",0,2
34,1,217.16,20,1,18.66,"Me encanta el programa, es muy útil.",1,0
63,0,3797.22,42,10,90.41,"Me encanta el programa, es muy útil.",1,2
66,0,1348.75,25,6,53.95,"Me encanta el programa, es muy útil.",1,1
66,1,3874.03,43,12,106.92,"El programa es adecuado, pero podría mejorar.",0,2
54,0,50.82,3,1,16.94,"Me encanta el programa, es muy útil.",1,0
64,1,1070.09,24,5,64.98,"Me encanta el programa, es muy útil.",1,1
63,1,819.12,23,5,42.89,"Me encanta el programa, es muy útil.",1,1
63,1,5495.05,67,11,94.39,"El programa es adecuado, pero podría mejorar.",0,2
49,0,126.24,12,2,10.52,"Me encanta el programa, es muy útil.",1,0
59,1,6003.26,53,12,126.85,"El programa es adecuado, pero podría mejorar.",0,2
62,1,4796.38,51,9,103.32,"Me encanta el programa, es muy útil.",1,2
49,1,6384.47,55,8,129.51,"El programa es adecuado, pero podría mejorar.",0,2
46,0,1494.75,25,4,59.79,"Me encanta el programa, es muy útil.",1,1
68,1,1194.49,28,6,61.09,"El programa es adecuado, pero podría mejorar.",0,1
53,0,188.64,8,3,23.58,"El programa es adecuado, pero podría mejorar.",0,0
51,0,1412.64,27,3,52.32,"El programa es adecuado, pero podría mejorar.",0,1
43,0,5637.5,55,6,102.5,"El programa es adecuado, pero podría mejorar.",0,2
37,0,37.82,2,2,18.91,"El programa es adecuado, pero podría mejorar.",0,0
21,1,192.94,24,2,11.34,"Me encanta el programa, es muy útil.",1,0
45,1,369.64,21,2,26.3,No estoy satisfecho con el programa.,2,0
29,0,628.65,15,3,41.91,"Me encanta el programa, es muy útil.",1,1
59,1,7031.26,61,6,132.04,"Me encanta el programa, es muy útil.",1,2
35,1,266.38,17,1,27.56,"Me encanta el programa, es muy útil.",1,0
20,1,1544.25,29,6,63,"El programa es adecuado, pero podría mejorar.",0,1
56,1,4296.24,48,10,111.76,"El programa es adecuado, pero podría mejorar.",0,2
40,1,7188.99,60,9,140.03,"El programa es adecuado, pero podría mejorar.",0,2
18,0,2849,37,6,77,"Me encanta el programa, es muy útil.",1,2
51,0,117.76,8,2,14.72,"El programa es adecuado, pero podría mejorar.",0,0
30,1,1177.26,30,6,51.56,"El programa es adecuado, pero podría mejorar.",0,1
34,0,65.6,4,3,16.4,"Me encanta el programa, es muy útil.",1,0
48,1,7753.79,65,12,133.03,"Me encanta el programa, es muy útil.",1,2
51,0,4360.72,56,7,77.87,"Me encanta el programa, es muy útil.",1,2
19,0,275.1,14,3,19.65,"El programa es adecuado, pero podría mejorar.",0,0
33,1,7804.28,64,9,131.62,"El programa es adecuado, pero podría mejorar.",0,2
22,0,1277,25,3,51.08,"El programa es adecuado, pero podría mejorar.",0,1
24,0,4242.69,51,12,83.19,"El programa es adecuado, pero podría mejorar.",0,2
67,0,1375.66,22,3,62.53,"Me encanta el programa, es muy útil.",1,1
24,1,92.84,16,1,7.66,No estoy satisfecho con el programa.,2,0
64,1,3675.36,55,10,77.65,"Me encanta el programa, es muy útil.",1,2
67,1,232.94,24,3,13.3,"El programa es adecuado, pero podría mejorar.",0,0
35,0,6412.14,49,12,130.86,"Me encanta el programa, es muy útil.",1,2
53,1,201.09,14,3,18.93,No estoy satisfecho con el programa.,2,0
65,1,4003.16,48,9,99.39,"Me encanta el programa, es muy útil.",1,2
33,0,26,1,3,26,"El programa es adecuado, pero podría mejorar.",0,0
30,1,3396.52,40,12,105.03,"El programa es adecuado, pero podría mejorar.",0,2
70,0,1033.76,16,4,64.61,"El programa es adecuado, pero podría mejorar.",0,1
55,0,1297,20,4,64.85,"Me encanta el programa, es muy útil.",1,1
26,0,5429.44,47,10,115.52,"Me encanta el programa, es muy útil.",1,2
30,0,1259,20,4,62.95,"Me encanta el programa, es muy útil.",1,1
34,1,301.71,23,2,21.52,"El programa es adecuado, pero podría mejorar.",0,0
63,1,337.19,22,1,23.9,"Me encanta el programa, es muy útil.",1,0
54,0,771.46,17,3,45.38,"Me encanta el programa, es muy útil.",1,1
52,1,4416.14,49,6,104.01,"Me encanta el programa, es muy útil.",1,2
18,1,1341.81,34,6,54.41,"El programa es adecuado, pero podría mejorar.",0,1
40,1,668.24,26,6,39.34,"El programa es adecuado, pero podría mejorar.",0,1
18,1,217.5,20,2,17.64,"El programa es adecuado, pero podría mejorar.",0,0
45,0,3057.9,30,7,101.93,"El programa es adecuado, pero podría mejorar.",0,2
51,1,1619.46,36,4,52.53,"El programa es adecuado, pero podría mejorar.",0,1
33,0,375.83,13,1,28.91,No estoy satisfecho con el programa.,2,0
32,0,1162.14,21,5,55.34,"El programa es adecuado, pero podría mejorar.",0,1
27,0,532.65,15,6,35.51,"Me encanta el programa, es muy útil.",1,1
55,0,4555.85,43,8,105.95,"El programa es adecuado, pero podría mejorar.",0,2
21,0,1281.5,22,4,58.25,"El programa es adecuado, pero podría mejorar.",0,1
25,1,4090.86,37,7,135.32,"Me encanta el programa, es muy útil.",1,2
54,1,182.28,13,1,27.72,"Me encanta el programa, es muy útil.",1,0
30,0,7002.81,51,6,137.31,"El programa es adecuado, pero podría mejorar.",0,2
32,0,4707.36,42,7,112.08,"El programa es adecuado, pero podría mejorar.",0,2
64,0,218.4,14,1,15.6,No estoy satisfecho con el programa.,2,0
49,0,935.1,18,4,51.95,"Me encanta el programa, es muy útil.",1,1
44,1,70.05,12,3,15.71,No estoy satisfecho con el programa.,2,0
18,0,3301.28,47,9,70.24,"El programa es adecuado, pero podría mejorar.",0,2
49,1,344.08,20,3,26.46,"El programa es adecuado, pero podría mejorar.",0,0
60,1,899.12,28,6,41.78,"El programa es adecuado, pero podría mejorar.",0,1
46,0,24.39,1,1,24.39,No estoy satisfecho con el programa.,2,0
52,1,798.26,32,5,31.2,"Me encanta el programa, es muy útil.",1,1
59,1,140.65,12,2,27.88,"Me encanta el programa, es muy útil.",1,0
33,0,341.25,13,3,26.25,"Me encanta el programa, es muy útil.",1,0
36,1,570.98,22,3,36.41,"El programa es adecuado, pero podría mejorar.",0,1
43,1,668.64,21,6,42.19,"El programa es adecuado, pero podría mejorar.",0,1
50,0,278.6,14,3,19.9,"El programa es adecuado, pero podría mejorar.",0,0
44,1,5330.96,45,10,135.55,"El programa es adecuado, pero podría mejorar.",0,2
67,1,4680.86,50,12,116.14,"Me encanta el programa, es muy útil.",1,2
18,1,4221.36,40,7,130.59,"Me encanta el programa, es muy útil.",1,2
46,1,134.08,16,1,11.61,"El programa es adecuado, pero podría mejorar.",0,0
27,1,4198.26,48,12,99.37,"Me encanta el programa, es muy útil.",1,2
23,0,67.21,13,1,5.17,"Me encanta el programa, es muy útil.",1,0
44,1,1031.4,24,3,67.13,"Me encanta el programa, es muy útil.",1,1
44,1,4478.53,59,9,85.7,"El programa es adecuado, pero podría mejorar.",0,2
34,1,1734.74,32,4,65.34,"El programa es adecuado, pero podría mejorar.",0,1
34,0,59.34,2,3,29.67,No estoy satisfecho con el programa.,2,0
47,1,208.55,16,1,18.27,"El programa es adecuado, pero podría mejorar.",0,0
53,1,206.49,22,3,13.3,No estoy satisfecho con el programa.,2,0
23,1,6023.77,52,10,133.41,"Me encanta el programa, es muy útil.",1,2
62,0,1133.72,28,4,40.49,"El programa es adecuado, pero podría mejorar.",0,1
45,0,6608.8,55,8,120.16,"Me encanta el programa, es muy útil.",1,2
29,1,62.86,11,1,15.67,No estoy satisfecho con el programa.,2,0
69,1,129.81,12,2,24.32,"El programa es adecuado, pero podría mejorar.",0,0
29,1,198.69,24,3,11.05,No estoy satisfecho con el programa.,2,0
46,1,6435.15,51,6,141.95,"Me encanta el programa, es muy útil.",1,2
18,1,172.48,20,2,13.24,"El programa es adecuado, pero podría mejorar.",0,0
47,0,1095.95,23,3,47.65,"Me encanta el programa, es muy útil.",1,1
24,0,141.06,6,3,23.51,No estoy satisfecho con el programa.,2,0
26,1,1467.44,36,6,48,"Me encanta el programa, es muy útil.",1,1
40,0,5672.26,59,11,96.14,"Me encanta el programa, es muy útil.",1,2
33,0,3168.36,39,11,81.24,"Me encanta el programa, es muy útil.",1,2
27,1,744.79,26,6,40.14,"Me encanta el programa, es muy útil.",1,1
52,0,477.75,15,5,31.85,"Me encanta el programa, es muy útil.",1,1
19,1,1173.78,34,3,41.09,"Me encanta el programa, es muy útil.",1,1
57,0,16.98,1,1,16.98,No estoy satisfecho con el programa.,2,0
32,0,6317.57,49,10,128.93,"El programa es adecuado, pero podría mejorar.",0,2
57,1,317.51,20,2,24.52,"Me encanta el programa, es muy útil.",1,0
19,0,917.7,30,5,30.59,"Me encanta el programa, es muy útil.",1,1
46,1,2754.18,41,9,87.87,"El programa es adecuado, pero podría mejorar.",0,2
63,1,6674.85,55,11,135.43,"Me encanta el programa, es muy útil.",1,2
61,1,5336.09,48,8,126.47,"Me encanta el programa, es muy útil.",1,2
50,0,734.58,18,4,40.81,"Me encanta el programa, es muy útil.",1,1
37,1,40.53,10,3,6.87,No estoy satisfecho con el programa.,2,0
20,1,131.32,17,2,9.4,"Me encanta el programa, es muy útil.",1,0
28,0,5835.53,41,7,142.33,"El programa es adecuado, pero podría mejorar.",0,2
18,1,84.84,10,1,16.18,No estoy satisfecho con el programa.,2,0
27,0,5929.11,53,7,111.87,"Me encanta el programa, es muy útil.",1,2
70,1,729.65,25,3,46.53,"Me encanta el programa, es muy útil.",1,1
30,1,1540.72,33,6,60.58,"El programa es adecuado, pero podría mejorar.",0,1
57,1,3931.94,56,12,76.46,"Me encanta el programa, es muy útil.",1,2
69,1,6466.38,60,8,126.32,"El programa es adecuado, pero podría mejorar.",0,2
53,1,1367.27,30,5,57.89,"El programa es adecuado, pero podría mejorar.",0,1
56,0,1742.5,25,5,69.7,"Me encanta el programa, es muy útil.",1,1
55,0,122.48,8,3,15.31,"Me encanta el programa, es muy útil.",1,0
62,1,1143.05,28,5,55.55,"El programa es adecuado, pero podría mejorar.",0,1
53,0,92.52,6,1,15.42,"Me encanta el programa, es muy útil.",1,0
31,1,102.69,10,1,17.73,"El programa es adecuado, pero podría mejorar.",0,0
32,0,3386.4,48,10,70.55,"El programa es adecuado, pero podría mejorar.",0,2
40,0,3576.12,51,10,70.12,"Me encanta el programa, es muy útil.",1,2
54,0,22.32,1,2,22.32,"El programa es adecuado, pero podría mejorar.",0,0
63,1,1464.43,36,6,54.73,"Me encanta el programa, es muy útil.",1,1
25,1,699.84,25,4,33.45,"Me encanta el programa, es muy útil.",1,1
68,0,1700.4,26,4,65.4,"Me encanta el programa, es muy útil.",1,1
52,1,7350.51,57,7,149.23,"El programa es adecuado, pero podría mejorar.",0,2
36,0,5148.96,48,12,107.27,"Me encanta el programa, es muy útil.",1,2
43,1,7019,56,6,139.62,"El programa es adecuado, pero podría mejorar.",0,2
36,0,352.04,13,2,27.08,"El programa es adecuado, pero podría mejorar.",0,0
23,1,1135.91,25,4,54.8,"El programa es adecuado, pero podría mejorar.",0,1
30,1,1658.74,40,5,53.87,"Me encanta el programa, es muy útil.",1,1
51,0,616.64,16,6,38.54,"Me encanta el programa, es muy útil.",1,1
46,0,4274.05,55,9,77.71,"Me encanta el programa, es muy útil.",1,2
48,0,123.65,5,2,24.73,"Me encanta el programa, es muy útil.",1,0
51,1,827.06,33,3,32.01,"Me encanta el programa, es muy útil.",1,1
70,0,1445.04,27,4,53.52,"Me encanta el programa, es muy útil.",1,1
55,1,175.58,15,2,29.59,"El programa es adecuado, pero podría mejorar.",0,0
50,1,6647.56,62,10,124.58,"El programa es adecuado, pero podría mejorar.",0,2
44,0,6.68,1,2,6.68,No estoy satisfecho con el programa.,2,0
39,0,4169.25,51,11,81.75,"El programa es adecuado, pero podría mejorar.",0,2
51,0,6037.23,53,7,113.91,"El programa es adecuado, pero podría mejorar.",0,2
36,1,78.13,11,2,18.6,No estoy satisfecho con el programa.,2,0
22,1,4413.59,43,8,115.15,"El programa es adecuado, pero podría mejorar.",0,2
35,1,193.02,25,2,9.79,No estoy satisfecho con el programa.,2,0
19,0,886.82,29,3,30.58,"Me encanta el programa, es muy útil.",1,1
25,1,3312.55,47,8,88.75,"El programa es adecuado, pero podría mejorar.",0,2
57,1,5557.32,47,7,149.58,"El programa es adecuado, pero podría mejorar.",0,2
23,0,1859.48,29,6,64.12,"Me encanta el programa, es muy útil.",1,1
70,0,1985.7,30,6,66.19,"El programa es adecuado, pero podría mejorar.",0,1
19,0,151.62,7,3,21.66,"El programa es adecuado, pero podría mejorar.",0,0
36,0,5826.1,58,11,100.45,"Me encanta el programa, es muy útil.",1,2
24,0,496.8,15,6,33.12,"Me encanta el programa, es muy útil.",1,1
43,0,1911.3,30,5,63.71,"El programa es adecuado, pero podría mejorar.",0,1
39,0,1499.01,29,6,51.69,"Me encanta el programa, es muy útil.",1,1
67,1,1178.11,30,3,51.51,"Me encanta el programa, es muy útil.",1,1
36,1,95.04,14,1,7.34,"Me encanta el programa, es muy útil.",1,0
33,1,4507.68,54,6,97.15,"Me encanta el programa, es muy útil.",1,2
59,1,147.35,14,2,27.86,"Me encanta el programa, es muy útil.",1,0
69,0,678.47,17,6,39.91,"Me encanta el programa, es muy útil.",1,1
39,1,3155.64,35,10,104.11,"El programa es adecuado, pero podría mejorar.",0,2
21,1,87.62,7,3,27.68,"El programa es adecuado, pero podría mejorar.",0,0
36,1,1128.7,35,5,38.62,"El programa es adecuado, pero podría mejorar.",0,1
24,1,1496.08,37,4,53.71,"El programa es adecuado, pero podría mejorar.",0,1
44,1,822.48,25,4,52.44,"Me encanta el programa, es muy útil.",1,1
60,1,312.78,20,2,21.67,No estoy satisfecho con el programa.,2,0
55,1,969.59,22,5,61.77,"Me encanta el programa, es muy útil.",1,1
68,0,60.72,3,1,20.24,No estoy satisfecho con el programa.,2,0
53,1,3859.38,55,10,82.91,"El programa es adecuado, pero podría mejorar.",0,2
30,1,7939.47,63,6,146.33,"Me encanta el programa, es muy útil.",1,2
63,0,825.3,15,4,55.02,"Me encanta el programa, es muy útil.",1,1
59,0,721.35,15,6,48.09,"Me encanta el programa, es muy útil.",1,1
66,0,3094.34,38,11,81.43,"Me encanta el programa, es muy útil.",1,2
19,0,4893.96,34,7,143.94,"Me encanta el programa, es muy útil.",1,2
34,0,79.15,5,3,15.83,"Me encanta el programa, es muy útil.",1,0
53,1,1055.24,28,6,44.83,"El programa es adecuado, pero podría mejorar.",0,1
37,1,1352.44,32,6,50.76,"Me encanta el programa, es muy útil.",1,1
68,0,1097.06,19,5,57.74,"Me encanta el programa, es muy útil.",1,1
66,1,302.61,21,3,19.57,"Me encanta el programa, es muy útil.",1,0
39,0,7187.4,55,9,130.68,"El programa es adecuado, pero podría mejorar.",0,2
38,0,5789.67,59,12,98.13,"Me encanta el programa, es muy útil.",1,2
30,0,1582.82,29,5,54.58,"Me encanta el programa, es muy útil.",1,1
32,0,881.28,16,6,55.08,"El programa es adecuado, pero podría mejorar.",0,1
26,1,50.45,15,1,5.75,No estoy satisfecho con el programa.,2,0
36,1,795.79,21,3,50.17,"El programa es adecuado, pero podría mejorar.",0,1
44,1,1287.53,35,6,44.45,"Me encanta el programa, es muy útil.",1,1
34,0,3464.37,47,10,73.71,"El programa es adecuado, pero podría mejorar.",0,2
18,0,6400.93,47,8,136.19,"El programa es adecuado, pero podría mejorar.",0,2
66,1,1089.63,30,3,50.24,"Me encanta el programa, es muy útil.",1,1
24,1,3610.91,51,11,83.32,"El programa es adecuado, pero podría mejorar.",0,2
43,0,144.5,5,3,28.9,No estoy satisfecho con el programa.,2,0
38,1,5266.03,64,9,94.97,"El programa es adecuado, pero podría mejorar.",0,2
38,1,1358.41,30,3,55.12,"Me encanta el programa, es muy útil.",1,1
38,0,6954,50,12,139.08,"Me encanta el programa, es muy útil.",1,2
24,1,124.51,17,2,11.24,"El programa es adecuado, pero podría mejorar.",0,0
44,1,838.03,29,5,42.53,"Me encanta el programa, es muy útil.",1,1
45,0,740.1,15,3,49.34,"El programa es adecuado, pero podría mejorar.",0,1
62,1,1271.7,26,6,65.11,"El programa es adecuado, pero podría mejorar.",0,1
46,1,130.2,21,3,7.5,No estoy satisfecho con el programa.,2,0
30,0,4145.61,57,12,72.73,"El programa es adecuado, pero podría mejorar.",0,2
42,0,154.24,8,1,19.28,No estoy satisfecho con el programa.,2,0
51,1,4161.27,65,11,71.14,"El programa es adecuado, pero podría mejorar.",0,2
25,0,4886.44,52,9,93.97,"Me encanta el programa, es muy útil.",1,2
19,1,838.21,27,5,40.58,"El programa es adecuado, pero podría mejorar.",0,1
24,0,402.15,15,2,26.81,No estoy satisfecho con el programa.,2,0
66,0,4998,50,8,99.96,"Me encanta el programa, es muy útil.",1,2
44,1,6133.01,63,9,106.88,"Me encanta el programa, es muy útil.",1,2
37,1,7766.77,61,6,145.88,"Me encanta el programa, es muy útil.",1,2
54,1,3528.76,46,9,91.99,"El programa es adecuado, pero podría mejorar.",0,2
31,1,894.89,30,6,36.43,"Me encanta el programa, es muy útil.",1,1
21,1,1083.35,25,3,69.74,"El programa es adecuado, pero podría mejorar.",0,1
60,0,819.72,23,4,35.64,"El programa es adecuado, pero podría mejorar.",0,1
37,1,1636.57,33,6,69.41,"Me encanta el programa, es muy útil.",1,1
45,1,117.96,15,1,13.35,No estoy satisfecho con el programa.,2,0
65,1,128.02,16,3,12.85,"El programa es adecuado, pero podría mejorar.",0,0
42,0,564.96,16,3,35.31,"El programa es adecuado, pero podría mejorar.",0,1
27,0,1469.52,24,3,61.23,"Me encanta el programa, es muy útil.",1,1
62,0,906.8,20,6,45.34,"El programa es adecuado, pero podría mejorar.",0,1
52,1,4686.08,54,7,98.96,"El programa es adecuado, pero podría mejorar.",0,2
24,1,1139.02,34,6,40.75,"El programa es adecuado, pero podría mejorar.",0,1
41,1,4852.21,54,10,100.33,"Me encanta el programa, es muy útil.",1,2
39,0,1119.29,19,6,58.91,"Me encanta el programa, es muy útil.",1,1
60,1,167.65,14,3,21.34,"Me encanta el programa, es muy útil.",1,0
52,1,51.39,8,1,7.68,"Me encanta el programa, es muy útil.",1,0
32,1,7956.83,62,12,143.89,"Me encanta el programa, es muy útil.",1,2
64,0,874.2,15,4,58.28,"Me encanta el programa, es muy útil.",1,1
58,0,29.28,4,1,7.32,"El programa es adecuado, pero podría mejorar.",0,0
26,1,1205.02,28,4,58.37,"El programa es adecuado, pero podría mejorar.",0,1
26,1,363.89,20,1,28.44,No estoy satisfecho con el programa.,2,0
35,0,35.1,6,1,5.85,"Me encanta el programa, es muy útil.",1,0
39,0,2767.6,34,10,81.4,"Me encanta el programa, es muy útil.",1,2
47,1,823.15,25,5,39.6,"El programa es adecuado, pero podría mejorar.",0,1
56,0,920.6,20,3,46.03,"Me encanta el programa, es muy útil.",1,1
63,0,4679.07,33,8,141.79,"Me encanta el programa, es muy útil.",1,2
52,1,3140.05,43,6,91.45,"El programa es adecuado, pero podría mejorar.",0,2
49,0,1126.08,24,5,46.92,"Me encanta el programa, es muy útil.",1,1
20,1,7686.51,68,10,131.92,"Me encanta el programa, es muy útil.",1,2
26,0,35.38,2,1,17.69,"El programa es adecuado, pero podría mejorar.",0,0
20,1,110.58,13,3,14.38,No estoy satisfecho con el programa.,2,0
24,0,7269.03,51,12,142.53,"El programa es adecuado, pero podría mejorar.",0,2
28,0,2719.36,32,6,84.98,"Me encanta el programa, es muy útil.",1,2
48,1,1361.62,31,5,59.92,"Me encanta el programa, es muy útil.",1,1
40,1,5316.22,48,9,122.88,"El programa es adecuado, pero podría mejorar.",0,2
34,1,1443.5,28,5,69.94,"El programa es adecuado, pero podría mejorar.",0,1
68,1,7031.68,60,10,131.93,"Me encanta el programa, es muy útil.",1,2
45,0,5357.44,44,8,121.76,"El programa es adecuado, pero podría mejorar.",0,2
26,1,3986.49,62,9,71.85,"Me encanta el programa, es muy útil.",1,2
55,1,908.34,22,4,50.89,"Me encanta el programa, es muy útil.",1,1
55,0,5608.06,43,11,130.42,"Me encanta el programa, es muy útil.",1,2
24,0,8439.58,58,7,145.51,"El programa es adecuado, pero podría mejorar.",0,2
70,0,6504.16,52,12,125.08,"El programa es adecuado, pero podría mejorar.",0,2
50,0,3584.7,45,12,79.66,"El programa es adecuado, pero podría mejorar.",0,2
21,1,151.42,21,2,11.21,"Me encanta el programa, es muy útil.",1,0
35,1,908.14,24,3,50.49,"El programa es adecuado, pero podría mejorar.",0,1
53,0,5373.81,39,8,137.79,"Me encanta el programa, es muy útil.",1,2
65,0,1688.58,27,5,62.54,"El programa es adecuado, pero podría mejorar.",0,1
50,0,83.19,3,2,27.73,"El programa es adecuado, pero podría mejorar.",0,0
54,1,301.06,22,3,18.66,No estoy satisfecho con el programa.,2,0
22,1,1072.26,25,3,60.64,"El programa es adecuado, pero podría mejorar.",0,1
66,1,2683.14,46,7,71.38,"El programa es adecuado, pero podría mejorar.",0,2
61,0,1356.96,22,4,61.68,"El programa es adecuado, pero podría mejorar.",0,1
18,1,1411.84,34,5,57.57,"El programa es adecuado, pero podría mejorar.",0,1
43,1,869.08,24,6,43.66,"El programa es adecuado, pero podría mejorar.",0,1
34,1,5261.74,63,10,96.78,"Me encanta el programa, es muy útil.",1,2
30,1,97.94,15,1,7.67,"El programa es adecuado, pero podría mejorar.",0,0
24,1,6698.89,52,8,148.04,"El programa es adecuado, pero podría mejorar.",0,2
19,1,4217.98,46,10,102.18,"Me encanta el programa, es muy útil.",1,2
65,0,565.56,18,5,31.42,"Me encanta el programa, es muy útil.",1,1
66,1,283.44,19,1,20.21,"El programa es adecuado, pero podría mejorar.",0,0
70,1,4185.17,39,10,125.88,"Me encanta el programa, es muy útil.",1,2
21,1,3225.37,48,9,79.67,"Me encanta el programa, es muy útil.",1,2
46,1,1096.14,21,3,65.91,"Me encanta el programa, es muy útil.",1,1
38,0,3454.15,35,10,98.69,"Me encanta el programa, es muy útil.",1,2
33,1,149.63,16,2,11.91,No estoy satisfecho con el programa.,2,0
30,0,241.22,14,1,17.23,"Me encanta el programa, es muy útil.",1,0
44,0,627.75,15,3,41.85,"Me encanta el programa, es muy útil.",1,1
35,0,5778.34,43,12,134.38,"Me encanta el programa, es muy útil.",1,2
41,1,1067.91,21,4,69.81,"El programa es adecuado, pero podría mejorar.",0,1
60,1,2821.97,38,9,84.62,"El programa es adecuado, pero podría mejorar.",0,2
60,1,1935.02,38,5,63.04,"Me encanta el programa, es muy útil.",1,1
46,0,7387.98,59,8,125.22,"Me encanta el programa, es muy útil.",1,2
69,0,637.6,16,3,39.85,"Me encanta el programa, es muy útil.",1,1
69,0,140.85,9,1,15.65,No estoy satisfecho con el programa.,2,0
49,1,1472.76,27,4,68.39,"Me encanta el programa, es muy útil.",1,1
58,1,188.76,14,3,20.39,No estoy satisfecho con el programa.,2,0
38,1,71.27,8,3,11.71,"El programa es adecuado, pero podría mejorar.",0,0
35,0,8195.55,55,7,149.01,"Me encanta el programa, es muy útil.",1,2
46,1,4160.81,59,9,76.65,"Me encanta el programa, es muy útil.",1,2
23,0,6566,49,9,134,"El programa es adecuado, pero podría mejorar.",0,2
61,0,1007.2,16,5,62.95,"Me encanta el programa, es muy útil.",1,1
23,1,331.93,18,2,23.5,"El programa es adecuado, pero podría mejorar.",0,0
63,1,7181.11,58,9,140.09,"Me encanta el programa, es muy útil.",1,2
29,0,6283.72,58,12,108.34,"El programa es adecuado, pero podría mejorar.",0,2
45,0,78.96,7,3,11.28,No estoy satisfecho con el programa.,2,0
62,0,6008.96,41,12,146.56,"Me encanta el programa, es muy útil.",1,2
30,1,1914.88,36,6,69.56,"Me encanta el programa, es muy útil.",1,1
67,0,129,6,3,21.5,"Me encanta el programa, es muy útil.",1,0
39,1,60.88,14,1,5.72,"El programa es adecuado, pero podría mejorar.",0,0
32,1,74.72,7,1,29.47,"El programa es adecuado, pero podría mejorar.",0,0
43,1,293.39,20,3,18.76,"Me encanta el programa, es muy útil.",1,0
51,1,170.43,21,3,11.6,"Me encanta el programa, es muy útil.",1,0
64,0,71.04,6,1,11.84,"Me encanta el programa, es muy útil.",1,0
55,0,6353.58,51,10,124.58,"Me encanta el programa, es muy útil.",1,2
48,1,5120.45,49,7,120.76,"Me encanta el programa, es muy útil.",1,2
39,1,2768.8,45,12,78.29,"El programa es adecuado, pero podría mejorar.",0,2
63,1,950.21,26,3,45.45,"El programa es adecuado, pero podría mejorar.",0,1
25,1,8489.56,65,7,145.91,"Me encanta el programa, es muy útil.",1,2
51,0,145.08,9,3,16.12,No estoy satisfecho con el programa.,2,0
51,1,86.64,10,1,12.64,No estoy satisfecho con el programa.,2,0
27,0,1568.1,30,3,52.27,"El programa es adecuado, pero podría mejorar.",0,1
39,1,410.76,20,1,28.04,"El programa es adecuado, pero podría mejorar.",0,0
62,0,3871.8,45,8,86.04,"Me encanta el programa, es muy útil.",1,2
57,1,1711.49,38,3,57.6,"Me encanta el programa, es muy útil.",1,1
63,1,124.63,24,1,5.13,"El programa es adecuado, pero podría mejorar.",0,0
59,0,1189.4,20,3,59.47,"El programa es adecuado, pero podría mejorar.",0,1
64,1,1161.72,33,3,42.1,"El programa es adecuado, pero podría mejorar.",0,1
26,1,223.43,19,1,20.16,No estoy satisfecho con el programa.,2,0
70,1,138.76,12,3,21.74,"Me encanta el programa, es muy útil.",1,0
28,1,158.39,15,3,13.8,No estoy satisfecho con el programa.,2,0
58,1,285.11,14,3,28.24,"Me encanta el programa, es muy útil.",1,0
21,1,1719.9,34,3,65.28,"El programa es adecuado, pero podría mejorar.",0,1
23,0,3507.36,48,11,73.07,"El programa es adecuado, pero podría mejorar.",0,2
48,0,97.92,8,2,12.24,"El programa es adecuado, pero podría mejorar.",0,0
48,0,1747.25,29,5,60.25,"Me encanta el programa, es muy útil.",1,1
67,1,92.62,17,3,9.93,"El programa es adecuado, pero podría mejorar.",0,0
52,1,1431.44,27,5,64.04,"El programa es adecuado, pero podría mejorar.",0,1
63,1,4890.34,51,8,115.9,"Me encanta el programa, es muy útil.",1,2
19,1,4544.56,67,12,77.81,"El programa es adecuado, pero podría mejorar.",0,2
54,0,5508.5,50,7,110.17,"El programa es adecuado, pero podría mejorar.",0,2
29,0,94.96,8,1,11.87,No estoy satisfecho con el programa.,2,0
63,0,843.36,24,5,35.14,"Me encanta el programa, es muy útil.",1,1
61,1,1169.67,33,5,45.86,"El programa es adecuado, pero podría mejorar.",0,1
44,1,1641.62,33,4,59.43,"Me encanta el programa, es muy útil.",1,1
63,0,4914.03,33,12,148.91,"El programa es adecuado, pero podría mejorar.",0,2
66,0,109.24,4,2,27.31,"El programa es adecuado, pero podría mejorar.",0,0
41,1,89.09,10,1,13.48,No estoy satisfecho con el programa.,2,0
48,0,4137.3,30,10,137.91,"Me encanta el programa, es muy útil.",1,2
53,1,5398.61,45,7,140.97,"Me encanta el programa, es muy útil.",1,2
56,1,5055.19,42,10,147.33,"Me encanta el programa, es muy útil.",1,2
48,1,1011.33,22,6,60.99,"El programa es adecuado, pero podría mejorar.",0,1
18,0,801.38,17,6,47.14,"Me encanta el programa, es muy útil.",1,1
39,0,39.65,5,1,7.93,No estoy satisfecho con el programa.,2,0
59,1,1070.97,30,3,41.93,"Me encanta el programa, es muy útil.",1,1
38,1,277.09,16,3,22.73,"El programa es adecuado, pero podría mejorar.",0,0
27,1,756.29,21,3,45.67,"El programa es adecuado, pero podría mejorar.",0,1
49,1,1448.97,36,6,52.79,"El programa es adecuado, pero podría mejorar.",0,1
43,0,4811.34,51,7,94.34,"El programa es adecuado, pero podría mejorar.",0,2
54,0,6388.26,51,9,125.26,"Me encanta el programa, es muy útil.",1,2
56,1,1601.71,36,4,52.59,"Me encanta el programa, es muy útil.",1,1
26,0,222.32,8,3,27.79,No estoy satisfecho con el programa.,2,0
46,1,267.32,24,3,16.09,"Me encanta el programa, es muy útil.",1,0
60,1,396.65,24,3,24.61,No estoy satisfecho con el programa.,2,0
34,1,1229.12,34,4,43.81,"Me encanta el programa, es muy útil.",1,1
31,0,1460.7,30,5,48.69,"Me encanta el programa, es muy útil.",1,1
37,1,989.57,36,6,37.24,"El programa es adecuado, pero podría mejorar.",0,1
64,1,196.82,18,2,19.01,No estoy satisfecho con el programa.,2,0
50,1,190.91,23,1,11.05,"El programa es adecuado, pero podría mejorar.",0,0
65,1,4911.21,59,7,94.03,"El programa es adecuado, pero podría mejorar.",0,2
63,1,58.34,11,1,28.15,No estoy satisfecho con el programa.,2,0
23,1,780.85,23,3,46.45,"Me encanta el programa, es muy útil.",1,1
54,1,6411.29,66,12,106.45,"Me encanta el programa, es muy útil.",1,2
21,0,166.77,9,2,18.53,No estoy satisfecho con el programa.,2,0
66,0,86.67,9,1,9.63,"El programa es adecuado, pero podría mejorar.",0,0
27,0,387.4,13,1,29.8,No estoy satisfecho con el programa.,2,0
38,1,1531.81,31,3,67.69,"Me encanta el programa, es muy útil.",1,1
41,1,617.78,25,3,34.63,"El programa es adecuado, pero podría mejorar.",0,1
30,1,252.93,18,3,21,"El programa es adecuado, pero podría mejorar.",0,0
47,0,3938.2,35,7,112.52,"El programa es adecuado, pero podría mejorar.",0,2
68,1,314.7,16,2,29.93,No estoy satisfecho con el programa.,2,0
66,1,3007.54,48,7,78.24,"El programa es adecuado, pero podría mejorar.",0,2
58,1,695.65,21,4,43.75,"El programa es adecuado, pero podría mejorar.",0,1
66,1,7116.18,65,10,117.81,"El programa es adecuado, pero podría mejorar.",0,2
32,1,244.96,23,1,16.56,No estoy satisfecho con el programa.,2,0
65,1,1684.14,30,5,66.44,"El programa es adecuado, pero podría mejorar.",0,1
30,1,851.11,32,4,31.32,"Me encanta el programa, es muy útil.",1,1
32,0,2589.44,32,7,80.92,"El programa es adecuado, pero podría mejorar.",0,2
38,1,126.05,8,2,27.64,"El programa es adecuado, pero podría mejorar.",0,0
21,0,286.3,10,2,28.63,"El programa es adecuado, pero podría mejorar.",0,0
57,1,1112.99,37,4,39.43,"El programa es adecuado, pero podría mejorar.",0,1
66,0,1800.5,26,3,69.25,"El programa es adecuado, pero podría mejorar.",0,1
49,0,4699.52,56,12,83.92,"El programa es adecuado, pero podría mejorar.",0,2
31,1,4643.02,41,11,148.65,"El programa es adecuado, pero podría mejorar.",0,2
32,1,108.89,10,1,18.12,"El programa es adecuado, pero podría mejorar.",0,0
44,0,4885.8,51,8,95.8,"Me encanta el programa, es muy útil.",1,2
48,0,2901.15,35,12,82.89,"El programa es adecuado, pero podría mejorar.",0,2
41,1,961.23,23,3,61.33,"Me encanta el programa, es muy útil.",1,1
29,1,6214.73,56,9,134.05,"El programa es adecuado, pero podría mejorar.",0,2
55,1,4460.46,61,12,84.94,"El programa es adecuado, pero podría mejorar.",0,2
39,0,113.88,13,2,8.76,"Me encanta el programa, es muy útil.",1,0
19,1,7160.38,57,11,148.28,"Me encanta el programa, es muy útil.",1,2
64,1,4529.33,63,12,77.25,"Me encanta el programa, es muy útil.",1,2
31,1,341.4,22,1,20.59,No estoy satisfecho con el programa.,2,0
30,1,121.4,8,2,28.57,"Me encanta el programa, es muy útil.",1,0
57,1,212.09,18,2,13.91,"Me encanta el programa, es muy útil.",1,0
56,0,1944,30,5,64.8,"El programa es adecuado, pero podría mejorar.",0,1
51,0,635.93,19,6,33.47,"El programa es adecuado, pero podría mejorar.",0,1
44,1,4803.25,59,10,93.37,"El programa es adecuado, pero podría mejorar.",0,2
55,0,4843.41,33,8,146.77,"Me encanta el programa, es muy útil.",1,2
36,0,1834.2,30,6,61.14,"El programa es adecuado, pero podría mejorar.",0,1
51,0,57.9,2,1,28.95,"El programa es adecuado, pero podría mejorar.",0,0
22,0,136.76,13,3,10.52,"Me encanta el programa, es muy útil.",1,0
26,0,4398.26,47,11,93.58,"Me encanta el programa, es muy útil.",1,2
44,0,6344.64,48,8,132.18,"El programa es adecuado, pero podría mejorar.",0,2
65,1,1322.65,32,4,48.09,"El programa es adecuado, pero podría mejorar.",0,1
39,0,83.28,4,3,20.82,"Me encanta el programa, es muy útil.",1,0
44,0,93.06,11,3,8.46,"Me encanta el programa, es muy útil.",1,0
57,0,4179.6,43,7,97.2,"Me encanta el programa, es muy útil.",1,2
34,0,106.16,4,1,26.54,No estoy satisfecho con el programa.,2,0
70,0,22.68,2,2,11.34,"Me encanta el programa, es muy útil.",1,0
35,1,987.04,24,4,60.31,"El programa es adecuado, pero podría mejorar.",0,1
22,0,4753.08,36,10,132.03,"Me encanta el programa, es muy útil.",1,2
46,0,1626.03,29,5,56.07,"El programa es adecuado, pero podría mejorar.",0,1
63,0,165.13,7,3,23.59,"El programa es adecuado, pero podría mejorar.",0,0
54,0,5351.29,49,6,109.21,"Me encanta el programa, es muy útil.",1,2
62,1,7073,63,8,123.46,"El programa es adecuado, pero podría mejorar.",0,2
22,0,52.2,10,3,5.22,"Me encanta el programa, es muy útil.",1,0
28,0,1255.99,29,6,43.31,"El programa es adecuado, pero podría mejorar.",0,1
53,1,943.18,23,5,60.16,"Me encanta el programa, es muy útil.",1,1
50,1,281.47,18,2,25.85,No estoy satisfecho con el programa.,2,0
31,1,119.32,20,1,6.9,No estoy satisfecho con el programa.,2,0
42,0,49.2,8,2,6.15,"Me encanta el programa, es muy útil.",1,0
39,0,113.3,5,1,22.66,"Me encanta el programa, es muy útil.",1,0
44,0,1831.5,30,5,61.05,"El programa es adecuado, pero podría mejorar.",0,1
31,1,1948.7,36,3,63.37,"El programa es adecuado, pero podría mejorar.",0,1
49,1,4206.81,58,9,85.43,"El programa es adecuado, pero podría mejorar.",0,2
65,1,4534.97,58,8,86.32,"Me encanta el programa, es muy útil.",1,2
19,0,640.08,21,4,30.48,"El programa es adecuado, pero podría mejorar.",0,1
23,0,3131.84,32,11,97.87,"El programa es adecuado, pero podría mejorar.",0,2
59,0,4898.7,45,6,108.86,"El programa es adecuado, pero podría mejorar.",0,2
34,0,476.7,15,6,31.78,"Me encanta el programa, es muy útil.",1,1
65,0,7201.11,53,12,135.87,"El programa es adecuado, pero podría mejorar.",0,2
22,0,3181.76,32,6,99.43,"El programa es adecuado, pero podría mejorar.",0,2
40,1,5774.59,65,9,100.76,"El programa es adecuado, pero podría mejorar.",0,2
26,0,248.88,12,1,20.74,"Me encanta el programa, es muy útil.",1,0
52,1,911.25,23,3,48.51,"El programa es adecuado, pero podría mejorar.",0,1
39,0,1374.1,26,5,52.85,"Me encanta el programa, es muy útil.",1,1
26,0,921.5,19,3,48.5,"Me encanta el programa, es muy útil.",1,1
33,0,6197.94,42,10,147.57,"El programa es adecuado, pero podría mejorar.",0,2
43,0,1568.84,26,3,60.34,"El programa es adecuado, pero podría mejorar.",0,1
42,0,5835.6,60,11,97.26,"Me encanta el programa, es muy útil.",1,2
29,0,103.05,15,1,6.87,"Me encanta el programa, es muy útil.",1,0
40,1,69.76,11,2,29.51,No estoy satisfecho con el programa.,2,0
30,1,4693.71,42,12,146.04,"Me encanta el programa, es muy útil.",1,2
27,1,3412.66,54,7,73.54,"El programa es adecuado, pero podría mejorar.",0,2
50,1,4272.95,62,6,81.44,"El programa es adecuado, pero podría mejorar.",0,2
19,1,1519.73,34,4,61.7,"Me encanta el programa, es muy útil.",1,1
23,1,7500.56,55,7,149.34,"Me encanta el programa, es muy útil.",1,2
49,1,372.65,24,1,22.62,"Me encanta el programa, es muy útil.",1,0
69,0,8.25,1,1,8.25,"Me encanta el programa, es muy útil.",1,0
39,0,6355.8,45,9,141.24,"El programa es adecuado, pero podría mejorar.",0,2
28,0,101.04,6,1,16.84,No estoy satisfecho con el programa.,2,0
47,0,1296.74,23,3,56.38,"Me encanta el programa, es muy útil.",1,1
40,0,1629.8,29,6,56.2,"Me encanta el programa, es muy útil.",1,1
21,0,2595.94,31,7,83.74,"El programa es adecuado, pero podría mejorar.",0,2
66,1,267.68,20,1,23.82,"El programa es adecuado, pero podría mejorar.",0,0
40,1,1070.09,29,6,51.17,"Me encanta el programa, es muy útil.",1,1
37,0,946.39,17,5,55.67,"Me encanta el programa, es muy útil.",1,1
33,1,4849.7,47,9,123.66,"Me encanta el programa, es muy útil.",1,2
37,1,185.13,18,1,14.39,No estoy satisfecho con el programa.,2,0
26,0,10.8,1,1,10.8,"Me encanta el programa, es muy útil.",1,0
24,0,11,2,3,5.5,"Me encanta el programa, es muy útil.",1,0
35,1,148.55,17,1,9.04,No estoy satisfecho con el programa.,2,0
46,0,2939.2,40,8,73.48,"Me encanta el programa, es muy útil.",1,2
64,1,48.76,7,2,11.74,"Me encanta el programa, es muy útil.",1,0
65,0,539.04,16,5,33.69,"El programa es adecuado, pero podría mejorar.",0,1
31,0,2628.54,34,8,77.31,"Me encanta el programa, es muy útil.",1,2
61,1,962.53,27,3,49.03,"El programa es adecuado, pero podría mejorar.",0,1
38,0,6953.62,58,10,119.89,"El programa es adecuado, pero podría mejorar.",0,2
55,1,920.55,25,5,55.13,"El programa es adecuado, pero podría mejorar.",0,1
54,0,1473.56,22,5,66.98,"El programa es adecuado, pero podría mejorar.",0,1
43,1,155.35,16,1,17.97,"El programa es adecuado, pero podría mejorar.",0,0
24,0,5313,44,12,120.75,"Me encanta el programa, es muy útil.",1,2
33,0,3590.91,51,8,70.41,"El programa es adecuado, pero podría mejorar.",0,2
41,0,4012.47,33,8,121.59,"Me encanta el programa, es muy útil.",1,2
66,0,1124.42,22,5,51.11,"Me encanta el programa, es muy útil.",1,1
18,1,4853.9,41,11,146.11,"Me encanta el programa, es muy útil.",1,2
62,1,203.69,17,3,14.19,"El programa es adecuado, pero podría mejorar.",0,0
36,0,199.04,8,3,24.88,No estoy satisfecho con el programa.,2,0
28,1,1114.73,31,4,43.28,"El programa es adecuado, pero podría mejorar.",0,1
49,1,809.95,33,3,34.16,"Me encanta el programa, es muy útil.",1,1
26,0,47.2,2,2,23.6,"El programa es adecuado, pero podría mejorar.",0,0
63,1,775.83,27,6,37.66,"El programa es adecuado, pero podría mejorar.",0,1
43,0,5.4,1,2,5.4,No estoy satisfecho con el programa.,2,0
19,1,7219.68,64,9,121.63,"El programa es adecuado, pero podría mejorar.",0,2
63,0,4013.4,30,10,133.78,"Me encanta el programa, es muy útil.",1,2
32,1,831.24,29,3,33.69,"Me encanta el programa, es muy útil.",1,1
41,1,1242,33,3,48.14,"El programa es adecuado, pero podría mejorar.",0,1
25,1,1175.96,29,3,53.83,"Me encanta el programa, es muy útil.",1,1
26,1,2629.3,45,9,70.46,"El programa es adecuado, pero podría mejorar.",0,2
55,0,4862.34,42,6,115.77,"El programa es adecuado, pero podría mejorar.",0,2
26,0,368.06,14,1,26.29,"Me encanta el programa, es muy útil.",1,0
36,1,7513.02,60,12,146.64,"El programa es adecuado, pero podría mejorar.",0,2
20,0,55.5,2,2,27.75,No estoy satisfecho con el programa.,2,0
42,0,1289.4,21,4,61.4,"El programa es adecuado, pero podría mejorar.",0,1
55,1,2834.87,41,12,79.67,"Me encanta el programa, es muy útil.",1,2
49,0,17.31,1,1,17.31,"El programa es adecuado, pero podría mejorar.",0,0
23,1,219.09,18,3,21.58,No estoy satisfecho con el programa.,2,0
69,1,972.71,37,4,31.53,"El programa es adecuado, pero podría mejorar.",0,1
22,0,67.56,3,2,22.52,No estoy satisfecho con el programa.,2,0
26,1,4909.76,44,6,143.18,"El programa es adecuado, pero podría mejorar.",0,2
19,1,3534.14,45,12,87.2,"Me encanta el programa, es muy útil.",1,2
37,1,3091.4,39,10,98.33,"Me encanta el programa, es muy útil.",1,2
50,1,831.05,22,5,52.81,"Me encanta el programa, es muy útil.",1,1
37,0,349.95,15,3,23.33,"Me encanta el programa, es muy útil.",1,0
27,1,3070.12,48,12,80.06,"El programa es adecuado, pero podría mejorar.",0,2
49,1,1253.47,29,4,55.44,"Me encanta el programa, es muy útil.",1,1
55,1,4367.15,61,12,78.61,"El programa es adecuado, pero podría mejorar.",0,2
59,1,88.8,10,2,21.21,"El programa es adecuado, pero podría mejorar.",0,0
54,0,119.8,10,2,11.98,"Me encanta el programa, es muy útil.",1,0
26,0,59.35,5,1,11.87,"El programa es adecuado, pero podría mejorar.",0,0
63,1,205.73,21,2,13.78,"El programa es adecuado, pero podría mejorar.",0,0
28,0,1242.57,21,3,59.17,"El programa es adecuado, pero podría mejorar.",0,1
58,0,756.3,15,4,50.42,"Me encanta el programa, es muy útil.",1,1
28,1,790.81,34,4,31.94,"Me encanta el programa, es muy útil.",1,1
63,0,5115.96,54,12,94.74,"Me encanta el programa, es muy útil.",1,2
66,1,593.06,22,6,34.72,"Me encanta el programa, es muy útil.",1,1
66,1,3960.59,60,8,71.18,"Me encanta el programa, es muy útil.",1,2
45,1,173.62,11,1,23.61,"Me encanta el programa, es muy útil.",1,0
22,0,336.14,14,1,24.01,"El programa es adecuado, pero podría mejorar.",0,0
64,0,149.24,13,3,11.48,"Me encanta el programa, es muy útil.",1,0
24,0,342.16,14,1,24.44,"El programa es adecuado, pero podría mejorar.",0,0
34,1,734.37,28,4,34.97,"Me encanta el programa, es muy útil.",1,1
54,0,1632,25,5,65.28,"El programa es adecuado, pero podría mejorar.",0,1
32,1,4944.96,53,11,114.52,"Me encanta el programa, es muy útil.",1,2
28,1,1191.91,33,6,41.03,"El programa es adecuado, pero podría mejorar.",0,1
34,0,269.92,14,2,19.28,No estoy satisfecho con el programa.,2,0
48,1,190.34,24,2,9.6,"El programa es adecuado, pero podría mejorar.",0,0
69,0,542.85,15,3,36.19,"Me encanta el programa, es muy útil.",1,1
38,1,112.77,9,1,26.2,No estoy satisfecho con el programa.,2,0
38,0,690.2,17,5,40.6,"El programa es adecuado, pero podría mejorar.",0,1
28,1,292.4,17,3,27.19,"Me encanta el programa, es muy útil.",1,0
40,1,98.16,16,3,9.32,"El programa es adecuado, pero podría mejorar.",0,0
57,0,67.9,10,2,6.79,"El programa es adecuado, pero podría mejorar.",0,0
21,0,190.4,8,1,23.8,"El programa es adecuado, pero podría mejorar.",0,0
51,1,4535.3,42,11,128.23,"Me encanta el programa, es muy útil.",1,2
18,0,54.85,5,3,10.97,"El programa es adecuado, pero podría mejorar.",0,0
52,1,6084.34,53,10,137.8,"Me encanta el programa, es muy útil.",1,2
46,0,137.45,5,2,27.49,"El programa es adecuado, pero podría mejorar.",0,0
26,1,113.48,18,1,6.64,"El programa es adecuado, pero podría mejorar.",0,0
22,1,330.72,19,3,28.41,No estoy satisfecho con el programa.,2,0
45,0,659.7,15,3,43.98,"El programa es adecuado, pero podría mejorar.",0,1
64,1,121.17,24,1,5.51,"El programa es adecuado, pero podría mejorar.",0,0
60,0,142.8,12,1,11.9,No estoy satisfecho con el programa.,2,0
28,1,122.14,13,2,25.46,No estoy satisfecho con el programa.,2,0
45,1,96.17,10,3,19.04,No estoy satisfecho con el programa.,2,0
28,0,844.39,17,4,49.67,"Me encanta el programa, es muy útil.",1,1
26,1,724.67,26,5,33.95,"Me encanta el programa, es muy útil.",1,1
35,0,743.07,17,4,43.71,"Me encanta el programa, es muy útil.",1,1
57,0,205.2,12,1,17.1,"El programa es adecuado, pero podría mejorar.",0,0
42,1,828.8,32,5,31.04,"Me encanta el programa, es muy útil.",1,1
46,0,211.6,10,2,21.16,"El programa es adecuado, pero podría mejorar.",0,0
65,0,7239.6,60,6,120.66,"Me encanta el programa, es muy útil.",1,2
63,1,103.64,11,2,20.11,No estoy satisfecho con el programa.,2,0
41,1,98.46,19,2,6.51,"El programa es adecuado, pero podría mejorar.",0,0
21,0,153.34,11,2,13.94,"Me encanta el programa, es muy útil.",1,0
30,1,87.74,13,3,11.86,No estoy satisfecho con el programa.,2,0
49,1,55.44,11,1,27.7,"Me encanta el programa, es muy útil.",1,0
44,0,236.4,15,1,15.76,"Me encanta el programa, es muy útil.",1,0
40,0,1323.84,21,6,63.04,"Me encanta el programa, es muy útil.",1,1
69,1,3864.56,55,10,83.04,"Me encanta el programa, es muy útil.",1,2
44,1,244.69,15,3,27.98,"Me encanta el programa, es muy útil.",1,0
53,0,795.36,24,6,33.14,"Me encanta el programa, es muy útil.",1,1
57,1,163.37,15,1,23.4,"Me encanta el programa, es muy útil.",1,0
41,1,264.12,14,2,24.67,"El programa es adecuado, pero podría mejorar.",0,0
20,1,82.34,16,1,9.9,"El programa es adecuado, pero podría mejorar.",0,0
22,0,4596.96,48,11,95.77,"Me encanta el programa, es muy útil.",1,2
19,1,4135.52,37,9,128.22,"Me encanta el programa, es muy útil.",1,2
59,1,1195.33,34,6,48.83,"El programa es adecuado, pero podría mejorar.",0,1
43,0,115.6,5,2,23.12,"El programa es adecuado, pero podría mejorar.",0,0
36,1,2756.3,37,9,85.04,"El programa es adecuado, pero podría mejorar.",0,2
52,0,1737.39,29,3,59.91,"Me encanta el programa, es muy útil.",1,1
70,1,1788.44,33,5,67.11,"El programa es adecuado, pero podría mejorar.",0,1
46,0,89.18,14,2,6.37,No estoy satisfecho con el programa.,2,0
44,1,71.01,12,1,10.16,"Me encanta el programa, es muy útil.",1,0
35,0,234.96,11,3,21.36,"El programa es adecuado, pero podría mejorar.",0,0
32,1,1882.9,33,6,68.32,"El programa es adecuado, pero podría mejorar.",0,1
57,1,6797.7,58,10,140.76,"El programa es adecuado, pero podría mejorar.",0,2
45,0,6676.92,51,10,130.92,"Me encanta el programa, es muy útil.",1,2
33,0,4078.92,38,9,107.34,"Me encanta el programa, es muy útil.",1,2
70,1,7328.51,62,6,137.73,"El programa es adecuado, pero podría mejorar.",0,2
44,1,329.44,24,3,20.31,No estoy satisfecho con el programa.,2,0
31,1,3739.81,52,6,84.13,"El programa es adecuado, pero podría mejorar.",0,2
36,0,7672.5,55,7,139.5,"Me encanta el programa, es muy útil.",1,2
61,0,54.7,5,1,10.94,No estoy satisfecho con el programa.,2,0
37,1,151.01,16,3,17.96,"Me encanta el programa, es muy útil.",1,0
61,1,163.83,20,1,10.22,"El programa es adecuado, pero podría mejorar.",0,0
50,0,2861.1,33,8,86.7,"El programa es adecuado, pero podría mejorar.",0,2
22,1,1639.69,37,4,53.86,"El programa es adecuado, pero podría mejorar.",0,1
70,1,1417.98,33,3,53.53,"El programa es adecuado, pero podría mejorar.",0,1
47,0,150.71,7,1,21.53,No estoy satisfecho con el programa.,2,0
44,0,1705.6,26,3,65.6,"Me encanta el programa, es muy útil.",1,1
64,1,6986.16,61,11,133.87,"El programa es adecuado, pero podría mejorar.",0,2
54,0,5207.3,35,9,148.78,"Me encanta el programa, es muy útil.",1,2
29,0,6174,42,9,147,"El programa es adecuado, pero podría mejorar.",0,2
68,0,310.31,11,2,28.21,"Me encanta el programa, es muy útil.",1,0
62,1,82.02,18,3,5.45,No estoy satisfecho con el programa.,2,0
42,0,2224.8,30,7,74.16,"Me encanta el programa, es muy útil.",1,2
44,1,40.34,9,2,14.78,"El programa es adecuado, pero podría mejorar.",0,0
22,0,1333.25,25,3,53.33,"Me encanta el programa, es muy útil.",1,1
58,0,880.8,24,4,36.7,"Me encanta el programa, es muy útil.",1,1
64,0,3371.8,46,6,73.3,"El programa es adecuado, pero podría mejorar.",0,2
23,1,49.38,6,2,13.9,No estoy satisfecho con el programa.,2,0
55,0,210.32,11,2,19.12,"Me encanta el programa, es muy útil.",1,0
